,,frequency
0,5.0,19.0
1,7.0,37.0
2,9.0,28.0
3,45.0,22.0
4,62.0,20.0
5,63.0,39.0
6,66.0,36.0
7,67.0,18.0
8,70.0,31.0
9,73.0,35.0
10,76.0,19.0
11,77.0,38.0
12,80.0,32.0
13,81.0,21.0
14,84.0,36.0
15,99.0,34.0
16,114.0,14.0
17,116.0,24.0
18,123.0,22.0
19,143.0,36.0
20,146.0,35.0
21,147.0,38.0
22,152.0,30.0
23,155.0,30.0
24,156.0,32.0
25,159.0,37.0
26,167.0,36.0
27,171.0,36.0
28,24.0,14.0
29,59.0,15.0
30,95.0,20.0
31,163.0,22.0
32,170.0,4.0
33,69.0,11.0
34,74.0,20.0
35,97.0,27.0
36,150.0,15.0
37,22.0,3.0
38,124.0,2.0
39,133.0,1.0
40,6.0,3.0
41,8.0,3.0
42,46.0,4.0
43,60.0,3.0
44,64.0,3.0
45,68.0,3.0
46,71.0,4.0
47,75.0,1.0
48,78.0,4.0
49,82.0,3.0
50,85.0,3.0
51,98.0,2.0
52,100.0,3.0
53,144.0,4.0
54,148.0,3.0
55,153.0,3.0
56,157.0,3.0
57,160.0,3.0
58,164.0,2.0
59,168.0,3.0
60,172.0,3.0
61,117.0,2.0
62,125.0,1.0
63,151.0,2.0
64,10.0,1.0
65,96.0,1.0
66,72.0,1.0
67,87.0,1.0
68,115.0,1.0
69,118.0,1.0
70,142.0,2.0
71,36.0,1.0
