hidden node,5,6,7,8,9,10,11,12,13,14,15,16,17,18,19,20
Patr-A*01:01_11mer,0.701619048,0.572047619,0.614809524,0.798238095,0.656619048,0.700952381,0.601857143,0.621666667,0.732,0.622333333,0.633428571,0.666571429,0.659,0.619809524,0.587380952,0.623761905
Patr-A*03:01_11mer,0.805761905,0.68852381,0.655857143,0.834428571,0.640238095,0.705619048,0.634761905,0.628571429,0.722285714,0.645952381,0.641952381,0.635809524,0.694380952,0.621714286,0.619904762,0.628285714
Patr-A*04:01_11mer,0.71847619,0.647285714,0.563142857,0.807047619,0.662666667,0.669714286,0.567952381,0.644238095,0.682095238,0.584190476,0.617,0.66247619,0.650904762,0.638952381,0.560142857,0.587571429
Patr-A*07:01_11mer,0.699327068,0.522038847,0.543666667,0.74283584,0.645545113,0.563853383,0.615007519,0.577739348,0.627152882,0.56608396,0.565307018,0.714120301,0.578550125,0.55441604,0.593592732,0.639619048
Patr-A*09:01_11mer,0.730878639,0.724195985,0.701465079,0.780693242,0.672881546,0.710125347,0.65267759,0.68170598,0.720001378,0.687168115,0.628526759,0.67671788,0.655181665,0.664012719,0.642902951,0.649396481
Patr-B*01:01_11mer,0.558654739,0.559178239,0.429827689,0.564079841,0.518793866,0.629178101,0.585605425,0.652533731,0.513217004,0.552207974,0.516681171,0.545776992,0.575764843,0.559113113,0.515030111,0.555556772
Patr-B*13:01_11mer,0.671104694,0.648755411,0.672658123,0.820149351,0.540945774,0.526865003,0.507952381,0.524984507,0.662428685,0.557235931,0.498578036,0.586264069,0.546820802,0.570968672,0.447841991,0.494354978
Patr-B*24:01_11mer,0.76347619,0.630809524,0.658380952,0.827904762,0.657666667,0.675047619,0.598142857,0.699142857,0.743333333,0.627285714,0.67452381,0.644619048,0.627952381,0.611904762,0.594571429,0.631714286
HLA-A*01:01_11mer,0.561344682,0.650847124,0.575777292,0.589779977,0.620742695,0.603001524,0.542682261,0.627719074,0.594235775,0.589892316,0.49732965,0.640882206,0.638746047,0.571051209,0.562020039,0.656665639
HLA-A*02:01_11mer,0.629582086,0.604000062,0.562144023,0.550663419,0.514768575,0.560915937,0.554525292,0.589497534,0.651660428,0.59146472,0.518952247,0.60649718,0.551305205,0.542546608,0.543895469,0.527646106
HLA-A*02:02_11mer,0.504448704,0.522092461,0.504075846,0.501656526,0.564695598,0.606623177,0.475469808,0.535069706,0.616114673,0.592937962,0.524249052,0.60658624,0.684662836,0.647474744,0.582489931,0.466895655
HLA-A*02:03_11mer,0.574564594,0.541449176,0.527244828,0.479234098,0.537487525,0.534950965,0.555017168,0.533585596,0.616111406,0.594381139,0.527617576,0.640388393,0.548879378,0.577376405,0.652591136,0.571831116
HLA-A*02:05_11mer,0.768238095,0.694428571,0.654428571,0.792619048,0.66652381,0.635619048,0.610904762,0.627142857,0.70252381,0.599761905,0.612095238,0.643428571,0.674285714,0.579571429,0.583761905,0.624571429
HLA-A*02:06_11mer,0.585617577,0.549759239,0.537503756,0.457969576,0.493731024,0.513098683,0.53230291,0.481896626,0.6303964,0.52512948,0.580903452,0.479552889,0.553079422,0.55927743,0.542584764,0.499963137
HLA-A*02:07_11mer,0.764,0.660380952,0.628809524,0.821761905,0.599142857,0.670095238,0.629047619,0.656952381,0.719380952,0.647619048,0.640857143,0.707857143,0.645047619,0.618142857,0.635809524,0.632571429
HLA-A*02:11_11mer,0.771,0.644,0.699,0.795,0.649,0.805,0.612,0.67,0.743,0.64,0.657,0.703,0.733,0.626,0.592,0.546
HLA-A*02:12_11mer,0.72,0.678,0.64,0.78,0.705,0.673,0.543,0.615,0.75,0.649,0.647,0.647,0.686,0.612,0.623,0.627
HLA-A*02:16_11mer,0.728,0.633,0.606,0.778,0.678,0.726,0.652,0.64,0.698,0.653,0.61,0.658,0.665,0.661,0.572,0.579
HLA-A*02:17_11mer,0.791,0.675,0.636,0.809,0.668,0.652,0.644,0.63,0.664,0.655,0.639,0.677,0.662,0.622,0.58,0.632
HLA-A*02:19_11mer,0.746,0.691,0.65,0.785,0.735,0.652,0.607,0.721,0.725,0.626,0.644,0.68,0.646,0.656,0.615,0.595
HLA-A*03:01_11mer,0.51294716,0.513392601,0.582357172,0.502702602,0.599750791,0.602004032,0.58113857,0.540048943,0.643333791,0.504180003,0.557931515,0.552572074,0.498510595,0.52577836,0.573997931,0.621472619
HLA-A*03:02_11mer,0.786013784,0.556058897,0.58904386,0.754680451,0.620918546,0.653274436,0.546096491,0.589933584,0.63587594,0.551637845,0.587134085,0.665887218,0.56806015,0.645634085,0.570729323,0.633397243
HLA-A*11:01_11mer,0.524628977,0.488638449,0.541744252,0.543093024,0.513470941,0.583329503,0.580956737,0.593934519,0.604762503,0.597021611,0.598886074,0.585585369,0.471161671,0.497653737,0.53157827,0.503047689
HLA-A*23:01_11mer,0.570633065,0.520856229,0.53991327,0.617040786,0.512567946,0.544568224,0.510711161,0.619225297,0.54456586,0.422992121,0.557633482,0.615680108,0.724092139,0.612356554,0.585002298,0.474368233
HLA-A*24:02_11mer,0.595326546,0.494156885,0.585554141,0.589139307,0.653105111,0.658708093,0.627017705,0.570801304,0.586638419,0.669701529,0.403599733,0.643961092,0.58443107,0.642699167,0.492196316,0.544542815
HLA-A*24:03_11mer,0.781333333,0.644142857,0.582714286,0.814904762,0.671571429,0.674285714,0.564047619,0.645809524,0.737238095,0.630428571,0.623285714,0.61347619,0.664238095,0.657,0.564809524,0.615
HLA-A*25:01_11mer,0.74673913,0.631268116,0.700615942,0.822934783,0.636449275,0.69807971,0.555253623,0.644275362,0.695724638,0.579710145,0.607644928,0.651521739,0.635362319,0.626050725,0.595942029,0.573695652
HLA-A*26:01_11mer,0.73721371,0.662158404,0.584750881,0.689406702,0.63957068,0.804707175,0.507945078,0.557483176,0.541941648,0.590776094,0.678177466,0.717337227,0.593802002,0.581404385,0.683843252,0.699578467
HLA-A*26:02_11mer,0.771067194,0.648142292,0.648537549,0.842766798,0.704110672,0.744229249,0.597470356,0.643952569,0.735968379,0.648063241,0.622213439,0.664071146,0.689525692,0.63458498,0.632806324,0.644703557
HLA-A*26:03_11mer,0.8,0.662121212,0.686493506,0.817965368,0.773116883,0.715411255,0.540865801,0.651255411,0.714329004,0.663419913,0.637099567,0.694588745,0.675151515,0.608398268,0.584199134,0.614285714
HLA-A*29:02_11mer,0.569911759,0.661940129,0.603969959,0.541857737,0.561682701,0.510551334,0.634817418,0.518796437,0.626948005,0.532495614,0.490356725,0.544275089,0.524927184,0.48493526,0.455215002,0.498724717
HLA-A*30:01_11mer,0.803169231,0.671846154,0.693815385,0.844646154,0.700707692,0.738492308,0.613107692,0.653323077,0.748153846,0.658246154,0.672707692,0.686092308,0.694492308,0.669046154,0.622246154,0.640676923
HLA-A*30:02_11mer,0.545250797,0.567707244,0.733352661,0.661101575,0.646214678,0.664862218,0.58508971,0.552945731,0.557642202,0.584338245,0.597822905,0.614926301,0.548027487,0.515863048,0.636781561,0.653942405
HLA-A*31:01_11mer,0.63674449,0.602019924,0.602589062,0.464915406,0.54262515,0.614890076,0.496907348,0.486911485,0.671784009,0.505408112,0.519178058,0.601883245,0.601765889,0.589824828,0.647058907,0.542323235
HLA-A*32:01_11mer,0.813636364,0.67,0.661818182,0.815454545,0.687272727,0.729090909,0.627272727,0.658181818,0.765454545,0.636363636,0.629090909,0.617272727,0.668181818,0.648181818,0.642727273,0.624545455
HLA-A*33:01_11mer,0.696401628,0.624642857,0.531039886,0.716756695,0.545714794,0.59277965,0.470865283,0.608843305,0.635372039,0.549008059,0.50041976,0.516678551,0.561984697,0.737803337,0.526079101,0.570584697
HLA-A*66:01_11mer,0.724571429,0.649714286,0.642857143,0.792619048,0.676142857,0.660857143,0.592761905,0.585666667,0.72447619,0.596714286,0.603190476,0.669714286,0.661190476,0.671904762,0.603952381,0.652428571
HLA-A*68:01_11mer,0.731147497,0.500853673,0.541879508,0.622724278,0.520564591,0.587668234,0.497474624,0.522885735,0.607269781,0.577996642,0.547717033,0.506049389,0.58574593,0.606520289,0.544893488,0.523204161
HLA-A*68:02_11mer,0.609746501,0.507137698,0.481976384,0.582490628,0.618803941,0.546375962,0.496159235,0.503081195,0.574680076,0.587161137,0.57539931,0.565076276,0.564839905,0.455599907,0.471639807,0.569189726
HLA-A*68:23_11mer,0.737,0.657,0.661,0.821,0.646,0.712,0.611,0.657,0.687,0.61,0.615,0.655,0.722,0.575,0.548,0.614
HLA-A*69:01_11mer,0.809666667,0.65752381,0.71952381,0.771047619,0.648571429,0.664904762,0.622952381,0.673238095,0.758571429,0.622619048,0.640571429,0.628190476,0.672142857,0.613047619,0.620333333,0.667571429
HLA-A*80:01_11mer,0.714,0.664,0.616,0.843,0.662,0.727,0.583,0.662,0.723,0.591,0.62,0.661,0.698,0.623,0.558,0.637
HLA-B*07:02_11mer,0.612190779,0.646333026,0.542053221,0.641964233,0.552993358,0.615870528,0.567960344,0.561914667,0.64325244,0.554259655,0.521961442,0.616954487,0.558441983,0.681048961,0.521614448,0.575661388
HLA-B*08:01_11mer,0.664417827,0.517740225,0.569061278,0.623543194,0.690048265,0.660509225,0.578309995,0.615784763,0.580632637,0.570493157,0.604433773,0.638209005,0.706064272,0.522081195,0.604001527,0.57543194
HLA-B*08:02_11mer,0.764025974,0.696190476,0.698008658,0.815887446,0.684458874,0.671168831,0.618571429,0.664372294,0.746753247,0.644069264,0.637099567,0.658138528,0.733982684,0.647619048,0.600995671,0.635670996
HLA-B*08:03_11mer,0.815714286,0.706190476,0.666017316,0.792380952,0.671731602,0.628961039,0.595887446,0.632857143,0.758874459,0.6495671,0.657575758,0.727359307,0.689307359,0.635844156,0.652813853,0.615670996
HLA-B*14:01_11mer,0.74,0.683,0.649,0.794,0.666,0.74,0.608,0.649,0.697,0.615,0.605,0.641,0.719,0.633,0.618,0.647
HLA-B*14:02_11mer,0.812333333,0.655266667,0.661333333,0.8529,0.651033333,0.705733333,0.603466667,0.634666667,0.760166667,0.6824,0.6438,0.699066667,0.682366667,0.6252,0.6132,0.595266667
HLA-B*15:01_11mer,0.595683457,0.506122055,0.62404842,0.575843862,0.60925466,0.649018824,0.532234132,0.542965845,0.561633313,0.520667633,0.610296234,0.480596643,0.605879753,0.494450873,0.531463136,0.549781833
HLA-B*15:03_11mer,0.531720873,0.580111915,0.596537267,0.511868812,0.732505057,0.609720447,0.683710051,0.515720497,0.691671372,0.610442782,0.608044608,0.655034726,0.650149633,0.699348108,0.533374959,0.62030356
HLA-B*15:09_11mer,0.694242424,0.65987013,0.652987013,0.82965368,0.636969697,0.694199134,0.530692641,0.640952381,0.709177489,0.621038961,0.624502165,0.671168831,0.670735931,0.622207792,0.624848485,0.646363636
HLA-B*15:17_11mer,0.398722164,0.781568578,0.816476869,0.761213005,0.820262812,0.846909774,0.770442141,0.782030894,0.845999748,0.747287156,0.778070428,0.837168275,0.805043406,0.750748858,0.775563443,0.786877835
HLA-B*18:01_11mer,0.439018916,0.524964935,0.579300498,0.519169967,0.627532092,0.571348829,0.700335165,0.557324523,0.569549584,0.566604704,0.542248683,0.597946811,0.576829524,0.573219902,0.495744465,0.548946447
HLA-B*27:05_11mer,0.546067924,0.587653431,0.593967837,0.544393862,0.581586524,0.583492511,0.584542859,0.586944026,0.633276757,0.578399746,0.591251271,0.58905568,0.613685954,0.575772463,0.510234275,0.535112711
HLA-B*35:01_11mer,0.599550518,0.599109999,0.482819983,0.48288314,0.644043074,0.512575379,0.518667676,0.503035858,0.685228856,0.513011728,0.522671485,0.576625318,0.61455188,0.478763341,0.455698485,0.387388999
HLA-B*35:03_11mer,0.702193676,0.709822134,0.674545455,0.761798419,0.847371542,0.595335968,0.633596838,0.704071146,0.70312253,0.53013834,0.640335968,0.5606917,0.685,0.608458498,0.647648221,0.535434783
HLA-B*37:01_11mer,0.788963768,0.738907971,0.608002174,0.895208696,0.585492029,0.74387029,0.654050725,0.643841304,0.656831159,0.650961594,0.636925362,0.740601449,0.57112971,0.706502174,0.561496377,0.552725362
HLA-B*38:01_11mer,0.663292322,0.565388965,0.646339561,0.654834473,0.619558404,0.584003494,0.53743347,0.608989177,0.506615402,0.545065087,0.536509683,0.701882889,0.542729589,0.573856118,0.42308377,0.580962824
HLA-B*39:01_11mer,0.765573123,0.637905138,0.646086957,0.806363636,0.683754941,0.727312253,0.624545455,0.650632411,0.717312253,0.637628458,0.613359684,0.659525692,0.630513834,0.632134387,0.615968379,0.599841897
HLA-B*40:01_11mer,0.674662108,0.562854294,0.535796744,0.653652829,0.623764754,0.635993081,0.644002768,0.563962963,0.723109483,0.615667481,0.588925438,0.591083923,0.585356125,0.56177094,0.687566463,0.534106634
HLA-B*40:02_11mer,0.66646022,0.587925102,0.550622517,0.709710657,0.624859765,0.628574686,0.634874623,0.469062477,0.726874013,0.664050665,0.55423685,0.600107183,0.588306611,0.665162641,0.563385031,0.608521399
HLA-B*42:01_11mer,0.635174384,0.551357708,0.66075814,0.736537832,0.637150856,0.586752212,0.592595426,0.645280444,0.694154715,0.597931112,0.546212309,0.590729155,0.674034538,0.544039808,0.603704687,0.515799925
HLA-B*44:02_11mer,0.489436566,0.540178503,0.583978661,0.673571279,0.579484911,0.514592181,0.655460964,0.482984432,0.670933702,0.534428237,0.640995,0.675148559,0.586550567,0.544425379,0.607935183,0.627282073
HLA-B*44:03_11mer,0.509710065,0.579712602,0.527669875,0.684988252,0.540412221,0.606850931,0.478975665,0.456459677,0.576924583,0.569033232,0.558752819,0.623052161,0.502199864,0.577246844,0.5631289,0.61413104
HLA-B*45:01_11mer,0.588548258,0.502956879,0.485616311,0.520297847,0.534818099,0.547344308,0.632771575,0.450237295,0.640082705,0.438408685,0.540886791,0.649797117,0.528879584,0.719466338,0.476770339,0.543201325
HLA-B*45:06_11mer,0.752,0.678,0.626,0.786,0.669,0.642,0.551,0.64,0.686,0.601,0.602,0.663,0.701,0.629,0.611,0.65
HLA-B*46:01_11mer,0.659967419,0.579411028,0.623606516,0.729839599,0.702714286,0.661646617,0.561922306,0.714246867,0.710903509,0.60585589,0.644195489,0.613537594,0.665256892,0.692204261,0.545615288,0.669458647
HLA-B*51:01_11mer,0.668815211,0.679102475,0.476504913,0.726157073,0.684814841,0.600574713,0.574417362,0.767394115,0.691977151,0.524298248,0.570135799,0.574442158,0.573562709,0.492394095,0.708729514,0.519623451
HLA-B*53:01_11mer,0.702135197,0.656758899,0.537728402,0.788516129,0.630799731,0.729124119,0.647905265,0.724065165,0.612170884,0.532924036,0.653386448,0.559878059,0.654640527,0.493445032,0.538609566,0.487558213
HLA-B*54:01_11mer,0.776273911,0.649247049,0.555820106,0.7687663,0.652851038,0.680293691,0.618310948,0.738498982,0.604208384,0.613798128,0.513665039,0.615738706,0.612859178,0.569199267,0.604116809,0.53014245
HLA-B*57:01_11mer,0.497341256,0.57702788,0.597794121,0.629379106,0.598180256,0.643332333,0.725416925,0.58972441,0.651916171,0.648615731,0.601044621,0.691867751,0.620507658,0.548061687,0.645719915,0.555170715
HLA-B*57:03_11mer,0.722567669,0.573739348,0.604946115,0.752581454,0.612685464,0.568293233,0.520220551,0.605957393,0.667538847,0.715442356,0.677723058,0.644853383,0.611243108,0.657070175,0.562276942,0.569828321
HLA-B*58:01_11mer,0.597832554,0.674803541,0.666978329,0.809426193,0.650492047,0.710954872,0.636604485,0.65425625,0.786235854,0.685993941,0.642040072,0.769227543,0.659898834,0.601217783,0.63892869,0.603417719
HLA-B*58:02_11mer,0.702481203,0.617076441,0.621944862,0.713508772,0.668548872,0.553378446,0.522907268,0.60862782,0.67787218,0.638050125,0.671278195,0.70779198,0.641656642,0.628541353,0.599365915,0.593487469
HLA-B*83:01_11mer,0.715,0.712,0.642,0.806,0.669,0.649,0.613,0.709,0.709,0.626,0.623,0.709,0.667,0.629,0.571,0.618
HLA-C*04:01_11mer,0.805978261,0.656521739,0.705869565,0.803623188,0.653695652,0.63115942,0.648224638,0.644927536,0.752898551,0.631376812,0.618949275,0.715543478,0.652572464,0.653405797,0.615869565,0.614528986
HLA-C*05:01_11mer,0.715,0.7,0.644,0.802,0.675,0.702,0.63,0.662,0.722,0.614,0.582,0.668,0.669,0.646,0.632,0.593
HLA-C*06:02_11mer,0.719365385,0.612248718,0.600234615,0.842864103,0.672497436,0.74865641,0.645217949,0.576246154,0.727119231,0.598617949,0.562861538,0.589432051,0.602755128,0.547294872,0.611129487,0.59434359
HLA-C*07:01_11mer,0.687625635,0.489102202,0.477510823,0.663331451,0.663137587,0.536375871,0.633593074,0.602791267,0.684130435,0.492434594,0.570815923,0.619595332,0.532712215,0.589057971,0.457243554,0.575
HLA-C*07:02_11mer,0.756,0.631,0.642,0.82,0.652,0.731,0.601,0.606,0.704,0.663,0.636,0.669,0.7,0.65,0.586,0.599
HLA-C*14:02_11mer,0.724031621,0.615293149,0.591004611,0.750487484,0.540714756,0.599104084,0.637898551,0.586673254,0.763715415,0.549301713,0.534934124,0.721788538,0.62997365,0.529291831,0.512681159,0.520754282
Mamu-A1*001:01_11mer,0.684565276,0.674095897,0.688953637,0.717786273,0.613957065,0.656092244,0.576816247,0.60816295,0.644160072,0.637722389,0.581428065,0.671018745,0.625270428,0.59285212,0.595516452,0.546285279
Mamu-A1*002:01_11mer,0.539568939,0.558979727,0.590171838,0.617566972,0.58070992,0.519165292,0.554408492,0.542295437,0.566256929,0.551945364,0.547843244,0.57857946,0.563655625,0.517608869,0.552845067,0.525439813
Mamu-A1*007:01_11mer,0.491312772,0.571028927,0.586814887,0.505330144,0.640023776,0.604093427,0.49979396,0.513179456,0.615794401,0.654578972,0.531863292,0.625578463,0.582497724,0.616797087,0.608846791,0.489297702
Mamu-A1*011:01_11mer,0.517622415,0.589001669,0.56863038,0.569490421,0.54920569,0.54654811,0.607256782,0.523979394,0.586029904,0.545679828,0.475975921,0.531372414,0.541470986,0.57046285,0.506547713,0.566625941
Mamu-A1*022:01_11mer,0.683818296,0.598157895,0.637426065,0.755718045,0.700714286,0.694758145,0.632606516,0.589121554,0.648847118,0.562071429,0.626486216,0.705565163,0.605577694,0.641994987,0.527170426,0.657098997
Mamu-A1*026:01_11mer,0.741,0.653571429,0.668904762,0.813809524,0.642,0.756428571,0.622571429,0.670952381,0.715857143,0.607952381,0.639952381,0.650428571,0.695,0.656190476,0.598666667,0.606809524
Mamu-A2*01:02_11mer,0.802414787,0.634800752,0.621285714,0.6825,0.634061404,0.585808271,0.658868421,0.602221805,0.789186717,0.581652882,0.562085213,0.759165414,0.627061404,0.600759398,0.617290727,0.657056391
Mamu-B*001:01_11mer,0.761824023,0.749883712,0.704167271,0.74520841,0.698757293,0.754860691,0.724629909,0.684629463,0.710327687,0.586830624,0.615274954,0.64525803,0.66310218,0.623517538,0.670620383,0.61111059
Mamu-B*003:01_11mer,0.549600579,0.579605121,0.609872354,0.547063051,0.558775693,0.599844399,0.548838207,0.579798948,0.602309869,0.604987331,0.568840784,0.536468362,0.547568763,0.571166994,0.532796602,0.536882735
Mamu-B*008:01_11mer,0.587290091,0.583565134,0.593754896,0.574237072,0.574245222,0.584953791,0.581004954,0.610588934,0.597323345,0.570270852,0.580506954,0.57709319,0.582336746,0.618327367,0.565231936,0.57591066
Mamu-B*010:01_11mer,0.608172704,0.515694198,0.620809866,0.588633335,0.561395349,0.539038554,0.526853486,0.554011658,0.567013537,0.590216939,0.559814043,0.522404306,0.503690563,0.591659869,0.615093681,0.588455647
Mamu-B*017:01_11mer,0.577380934,0.537087385,0.554594758,0.575887132,0.54386748,0.532893183,0.539627569,0.584473641,0.550773797,0.539260064,0.64992,0.556708652,0.661188264,0.511644262,0.464503268,0.555525835
Mamu-B*039:01_11mer,0.631869433,0.65644828,0.528400224,0.614481849,0.585268474,0.589820764,0.652348789,0.596404724,0.67340985,0.792005658,0.678470229,0.512371763,0.683561352,0.493840406,0.519196286,0.422403167
Mamu-B*052:01_11mer,0.532526059,0.56229568,0.6131407,0.578569061,0.533681973,0.521661442,0.553918377,0.644439669,0.594554786,0.573895136,0.591853329,0.564565566,0.509926255,0.533799674,0.536191283,0.499454107
Mamu-B*066:01_11mer,0.795,0.611,0.617,0.819,0.628,0.664,0.564,0.645,0.684,0.648,0.629,0.654,0.676,0.589,0.602,0.571
Mamu-B*083:01_11mer,0.729809524,0.654238095,0.657904762,0.752761905,0.674857143,0.685380952,0.614857143,0.62447619,0.69852381,0.627619048,0.660714286,0.720714286,0.688190476,0.613761905,0.57952381,0.603666667
Mamu-B*087:01_11mer,0.682252677,0.695048037,0.635127706,0.720926901,0.697681894,0.698795853,0.582583011,0.589582564,0.64381484,0.661861434,0.746061935,0.569788891,0.660346928,0.708221918,0.728678439,0.60644152
H-2-Db_11mer,0.589832409,0.51488231,0.482992179,0.462406982,0.521839321,0.486391852,0.474015436,0.549959729,0.472980005,0.554870924,0.527812688,0.597790509,0.490379271,0.538291547,0.554878171,0.493312426
H-2-Dd_11mer,0.764952381,0.626571429,0.691285714,0.806095238,0.69552381,0.649857143,0.580952381,0.628809524,0.691047619,0.630142857,0.643904762,0.670380952,0.660285714,0.63952381,0.588619048,0.65447619
H-2-Kb_11mer,0.503401876,0.477832198,0.55327076,0.525644962,0.493343157,0.45107407,0.49046072,0.616311634,0.564595731,0.556080392,0.539896629,0.575471654,0.508020388,0.653845377,0.576855911,0.586386308
H-2-Kd_11mer,0.655132694,0.603226579,0.600606854,0.457349382,0.593164019,0.593264215,0.581442226,0.647690317,0.60757952,0.64191638,0.56723727,0.64638524,0.65685184,0.601153825,0.53813271,0.578954275
H-2-Kk_11mer,0.486503851,0.531064941,0.545015651,0.631248467,0.544285657,0.462354748,0.516396776,0.512148476,0.549057932,0.562570134,0.464270735,0.559529407,0.537181017,0.609839285,0.511256514,0.516561781
H-2-Ld_11mer,0.800311802,0.619859535,0.625859307,0.765262133,0.618151971,0.618108453,0.56395671,0.560234905,0.667842447,0.549443039,0.660112668,0.508647414,0.740102415,0.580201413,0.548147984,0.571507671
HLA-A*02:50_11mer,0.712,0.661,0.658,0.815,0.668,0.71,0.599,0.631,0.707,0.608,0.614,0.723,0.663,0.602,0.614,0.599
HLA-A*03:19_11mer,0.811,0.67,0.643,0.832,0.714,0.693,0.605,0.677,0.72,0.652,0.676,0.704,0.724,0.644,0.641,0.578
HLA-A*32:07_11mer,0.721,0.649,0.608,0.767,0.681,0.627,0.584,0.614,0.722,0.645,0.58,0.682,0.655,0.645,0.593,0.608
HLA-A*32:15_11mer,0.746,0.685,0.639,0.804,0.622,0.697,0.573,0.59,0.689,0.652,0.595,0.718,0.679,0.625,0.613,0.661
HLA-B*15:02_11mer,0.77,0.665,0.602,0.845,0.731,0.743,0.625,0.65,0.723,0.666,0.612,0.64,0.678,0.621,0.603,0.63
HLA-B*27:20_11mer,0.773,0.647,0.595,0.828,0.681,0.679,0.592,0.613,0.719,0.619,0.631,0.687,0.691,0.639,0.572,0.635
HLA-B*40:13_11mer,0.816,0.659,0.611,0.798,0.601,0.654,0.592,0.621,0.749,0.601,0.586,0.627,0.647,0.659,0.562,0.621
HLA-B*48:01_11mer,0.796,0.668,0.665,0.779,0.686,0.689,0.61,0.653,0.71,0.658,0.611,0.706,0.663,0.62,0.593,0.65
HLA-B*73:01_11mer,0.807,0.648,0.649,0.813,0.656,0.634,0.561,0.672,0.757,0.616,0.659,0.674,0.713,0.626,0.575,0.586
HLA-B*81:01_11mer,0.775,0.675,0.666,0.805,0.634,0.637,0.632,0.666,0.697,0.641,0.628,0.699,0.696,0.659,0.616,0.666
HLA-C*03:03_11mer,0.759,0.663,0.68,0.779,0.671,0.698,0.57,0.64,0.687,0.652,0.654,0.697,0.661,0.622,0.591,0.603
HLA-C*08:02_11mer,0.69,0.63,0.625,0.812,0.642,0.612,0.558,0.649,0.659,0.639,0.66,0.673,0.709,0.654,0.593,0.586
HLA-C*12:03_11mer,0.811,0.651,0.646,0.736,0.646,0.652,0.587,0.666,0.719,0.601,0.625,0.674,0.644,0.609,0.657,0.629
HLA-C*15:02_11mer,0.759,0.671,0.67,0.823,0.845,0.673,0.601,0.664,0.703,0.62,0.616,0.648,0.681,0.651,0.589,0.607
HLA-E*01:01_11mer,0.744,0.655,0.666,0.849,0.649,0.685,0.635,0.637,0.726,0.656,0.605,0.639,0.677,0.657,0.596,0.601
HLA-E*01:03_11mer,0.766,0.643,0.607,0.796,0.65,0.687,0.599,0.607,0.773,0.654,0.642,0.727,0.686,0.636,0.618,0.629
Mamu-A7*01:03_11mer,0.742,0.667,0.635,0.789,0.656,0.613,0.606,0.648,0.668,0.635,0.604,0.684,0.654,0.566,0.612,0.566
SLA-1*04:01_11mer,0.743,0.648,0.594,0.827,0.655,0.675,0.608,0.677,0.706,0.627,0.652,0.75,0.668,0.624,0.577,0.648
SLA-1*07:01_11mer,0.732,0.683,0.624,0.806,0.656,0.637,0.584,0.622,0.729,0.626,0.611,0.627,0.714,0.633,0.612,0.625
SLA-2*04:01_11mer,0.732,0.637,0.641,0.843,0.647,0.693,0.654,0.666,0.693,0.607,0.665,0.644,0.662,0.647,0.59,0.665
SLA-3*04:01_11mer,0.786,0.645,0.612,0.794,0.709,0.648,0.537,0.692,0.752,0.648,0.663,0.674,0.653,0.656,0.576,0.624
