chimpanzee_NetMHC,0.6944444444444444,0.5833333333333333,0.6944444444444444
chimpanzee_global_core,0.8333333333333333,0.8333333333333333,0.8333333333333333,0.8333333333333333,0.8333333333333333,0.8333333333333333,0.8333333333333333
chimpanzee_HLA,0.8333333333333333,0.8333333333333333
human_NetMHC,0.5447908445146014,0.382794001578532,0.5447908445146014
human_global_core,0.34510655090765585,0.34510655090765585
human_HLA,0.46310181531176,0.46310181531176
macaque_NetMHC,0.5633971291866029,0.4569377990430622,0.5633971291866029
macaque_global_core,0.38516746411483255,0.38516746411483255
macaque_HLA,0.5179425837320575,0.41507177033492826,0.48684210526315785,0.5179425837320575
mouse_NetMHC,0.4495238095238095,0.4495238095238095
mouse_global_core,0.35619047619047617,0.35619047619047617
mouse_HLA,0.31238095238095237,0.2980952380952381,0.2980952380952381,0.2980952380952381,0.2980952380952381,0.31238095238095237
